{
  "population_total": {
    "ITL1": {
      "value": {
        "p10": 2803268.3,
        "p90": 8954503.8,
        "min": 1927855,
        "max": 9642942,
        "maxRegion": "E12000008",
        "minRegion": "N92000002",
        "count": 12
      },
      "growth": {
        "p10": 0.6212731111057556,
        "p90": 1.3292251402390964,
        "min": 0.38914132709013105,
        "max": 1.350760312710031,
        "maxRegion": "E12000002",
        "minRegion": "N92000002",
        "count": 12
      },
      "latestYear": 2024
    },
    "ITL2": {
      "value": {
        "p10": 676682,
        "p90": 2210490.5,
        "min": 479790,
        "max": 2766941,
        "maxRegion": "TLJ2",
        "minRegion": "TLM5",
        "count": 46
      },
      "growth": {
        "p10": 0.0697558331703673,
        "p90": 1.3058966960824225,
        "min": -0.44759179628179097,
        "max": 1.73362899729562,
        "maxRegion": "TLI7",
        "minRegion": "TLM2",
        "count": 46
      },
      "latestYear": 2012
    },
    "ITL3": {
      "value": {
        "p10": 150080,
        "p90": 528836,
        "min": 68592,
        "max": 1001087,
        "maxRegion": "TLG31",
        "minRegion": "TLL31",
        "count": 171
      },
      "growth": {
        "p10": -0.4633965267095935,
        "p90": 0.9872262679006131,
        "min": -1.0815963123358374,
        "max": 2.901106678309904,
        "maxRegion": "TLI42",
        "minRegion": "TLD74",
        "count": 171
      },
      "latestYear": 1996
    },
    "LAD": {
      "value": {
        "p10": 73850.8,
        "p90": 292634.4000000001,
        "min": 1983,
        "max": 1005419,
        "maxRegion": "E08000025",
        "minRegion": "E06000053",
        "count": 350
      },
      "growth": {
        "p10": -0.4759171132314074,
        "p90": 1.065976933615116,
        "min": -3.1978486483076245,
        "max": 3.5827520608750794,
        "maxRegion": "E07000079",
        "minRegion": "E07000177",
        "count": 350
      },
      "latestYear": 1993
    }
  },
  "population_16_64": {
    "ITL1": {
      "value": {
        "p10": 1730323.7,
        "p90": 5836737.800000001,
        "min": 1193979,
        "max": 6275855,
        "maxRegion": "E12000007",
        "minRegion": "N92000002",
        "count": 12
      },
      "growth": {
        "p10": 0.5736764963340868,
        "p90": 1.3510281966331943,
        "min": 0.36127331612423835,
        "max": 1.3914374081459668,
        "maxRegion": "E12000002",
        "minRegion": "N92000002",
        "count": 12
      },
      "latestYear": 2024
    },
    "ITL2": {
      "value": {
        "p10": 421511.5,
        "p90": 1468898.5,
        "min": 308897,
        "max": 1754301,
        "maxRegion": "TLD3",
        "minRegion": "TLD1",
        "count": 46
      },
      "growth": {
        "p10": -0.8010583953325399,
        "p90": 0.7668616229708425,
        "min": -1.3272836714770582,
        "max": 1.566334215503858,
        "maxRegion": "TLI4",
        "minRegion": "TLM2",
        "count": 46
      },
      "latestYear": 2012
    },
    "ITL3": {
      "value": {
        "p10": 98827,
        "p90": 338447,
        "min": 42122,
        "max": 616093,
        "maxRegion": "TLG31",
        "minRegion": "TLL31",
        "count": 171
      },
      "growth": {
        "p10": -0.455950380650113,
        "p90": 1.1300782361855821,
        "min": -1.3015305900147518,
        "max": 3.8626491951673536,
        "maxRegion": "TLI42",
        "minRegion": "TLK41",
        "count": 171
      },
      "latestYear": 1996
    },
    "LAD": {
      "value": {
        "p10": 47172.2,
        "p90": 188638.6,
        "min": 1293,
        "max": 621088,
        "maxRegion": "E08000025",
        "minRegion": "E06000053",
        "count": 350
      },
      "growth": {
        "p10": -0.9563545180197073,
        "p90": 1.0446977153737338,
        "min": -5.204183266932271,
        "max": 3.8651492377066785,
        "maxRegion": "E07000079",
        "minRegion": "E09000001",
        "count": 350
      },
      "latestYear": 1993
    }
  },
  "nominal_gva_mn_gbp": {
    "ITL1": {
      "value": {
        "p10": 70147.7,
        "p90": 343389.50000000006,
        "min": 56141,
        "max": 577141,
        "maxRegion": "E12000007",
        "minRegion": "N92000002",
        "count": 12
      },
      "growth": {
        "p10": 8.697319418734455,
        "p90": 10.414486412023011,
        "min": 8.64398415514091,
        "max": 10.729571408847951,
        "maxRegion": "N92000002",
        "minRegion": "W92000004",
        "count": 12
      },
      "latestYear": 2023
    },
    "ITL2": {
      "value": {
        "p10": 15528,
        "p90": 72648,
        "min": 11481,
        "max": 216686,
        "maxRegion": "TLI3",
        "minRegion": "TLK3",
        "count": 46
      },
      "growth": {
        "p10": 1.5187593432237714,
        "p90": 5.4775724064511735,
        "min": -1.1014176663031625,
        "max": 6.784096974705994,
        "maxRegion": "TLJ3",
        "minRegion": "TLH5",
        "count": 46
      },
      "latestYear": 2019
    },
    "ITL3": {
      "value": {
        "p10": 1949.6000000000001,
        "p90": 11049.900000000001,
        "min": 722,
        "max": 64787,
        "maxRegion": "TLI35",
        "minRegion": "TLL31",
        "count": 182
      },
      "growth": {
        "p10": 2.6455558209755865,
        "p90": 7.8970612976997066,
        "min": -0.21660649819494585,
        "max": 11.277330264672036,
        "maxRegion": "TLD44",
        "minRegion": "TLL44",
        "count": 182
      },
      "latestYear": 2003
    },
    "LAD": {
      "value": {
        "p10": 862,
        "p90": 5016,
        "min": 37,
        "max": 29721,
        "maxRegion": "E09000033",
        "minRegion": "E06000053",
        "count": 361
      },
      "growth": {
        "p10": 1.0540184453227932,
        "p90": 7.37527114967462,
        "min": -4.613166746756367,
        "max": 13.549239920687375,
        "maxRegion": "E07000108",
        "minRegion": "S12000048",
        "count": 361
      },
      "latestYear": 2000
    }
  },
  "gdhi_per_head_gbp": {
    "ITL1": {
      "value": {
        "p10": 20156.244307821187,
        "p90": 27827.42165369463,
        "min": 20069.8868363581,
        "max": 35176.1314683821,
        "maxRegion": "E12000007",
        "minRegion": "E12000001",
        "count": 12
      },
      "growth": {
        "p10": 7.788117030206242,
        "p90": 8.8355194693351,
        "min": 6.732792635505487,
        "max": 9.016188156674518,
        "maxRegion": "E12000001",
        "minRegion": "W92000004",
        "count": 12
      },
      "latestYear": 2023
    },
    "ITL2": {
      "value": {
        "p10": 16569.3812291735,
        "p90": 24517.548435150347,
        "min": 15413.8644976494,
        "max": 54742.9890676988,
        "maxRegion": "TLI3",
        "minRegion": "TLG3",
        "count": 46
      },
      "growth": {
        "p10": 1.9538180647998593,
        "p90": 4.666871129045088,
        "min": 0.559351719555869,
        "max": 6.418161480074579,
        "maxRegion": "TLI3",
        "minRegion": "TLM5",
        "count": 46
      },
      "latestYear": 2018
    },
    "ITL3": {
      "value": {
        "p10": 9997.473574970636,
        "p90": 15465.84626990149,
        "min": 7982.75502398999,
        "max": 29602.5204278533,
        "maxRegion": "TLI33",
        "minRegion": "TLN0A",
        "count": 182
      },
      "growth": {
        "p10": 1.0377765264208645,
        "p90": 4.320517710651174,
        "min": -2.0419510396747405,
        "max": 9.103208690022047,
        "maxRegion": "TLH64",
        "minRegion": "TLI33",
        "count": 171
      },
      "latestYear": 2002
    },
    "LAD": {
      "value": {
        "p10": 9029.003788280439,
        "p90": 14889.049108231482,
        "min": 6708.74458551429,
        "max": 46494.5776804286,
        "maxRegion": "E09000001",
        "minRegion": "E09000025",